label,bit,carton_pk,SDSSC2VB,program,version,v1,name,mapper,alt_program,alt_name
mwm_snc_100pc_0.1.0,1,126,1,mwm_snc,0.1.0,1.0,mwm_snc_100pc,mwm,snc,mwm_snc
mwm_snc_250pc_0.1.0,2,127,1,mwm_snc,0.1.0,1.0,mwm_snc_250pc,mwm,snc,mwm_snc
mwm_cb_300pc_0.1.0,3,128,1,mwm_cb,0.1.0,1.0,mwm_cb_300pc,mwm,cb,mwm_cb_300pc
mwm_cb_cvcandidates_0.1.0,4,134,1,mwm_cb,0.1.0,1.0,mwm_cb_cvcandidates,mwm,cb,mwm_cb_cvcandidates
mwm_halo_sm_0.1.0,5,140,1,mwm_halo,0.1.0,1.0,mwm_halo_sm,mwm,halo,mwm_halo_sm
mwm_halo_bb_0.1.0,6,143,1,mwm_halo,0.1.0,1.0,mwm_halo_bb,mwm,halo,mwm_halo_bb
mwm_yso_s1_0.1.0,7,144,1,mwm_yso,0.1.0,1.0,mwm_yso_s1,mwm,yso,mwm_yso_disk
mwm_yso_s2_0.1.0,8,145,1,mwm_yso,0.1.0,1.0,mwm_yso_s2,mwm,yso,mwm_yso_embedded
mwm_yso_s2-5_0.1.0,9,146,1,mwm_yso,0.1.0,1.0,mwm_yso_s2-5,mwm,yso,mwm_yso_nebula
mwm_yso_s3_0.1.0,10,147,1,mwm_yso,0.1.0,1.0,mwm_yso_s3,mwm,yso,mwm_yso_variable
mwm_yso_ob_0.1.0,11,148,1,mwm_yso,0.1.0,1.0,mwm_yso_ob,mwm,yso,mwm_yso_ob
mwm_yso_cmz_0.1.0,12,149,1,mwm_yso,0.1.0,1.0,mwm_yso_cmz,mwm,yso,mwm_yso_cmz
mwm_yso_cluster_0.1.0,13,150,1,mwm_yso,0.1.0,1.0,mwm_yso_cluster,mwm,yso,mwm_yso_cluster
mwm_rv_long-fps_0.1.0,14,158,1,mwm_rv,0.1.0,1.0,mwm_rv_long-fps,mwm,bin,mwm_bin_rv_long
mwm_rv_long-bplates_0.1.0,15,160,1,mwm_rv,0.1.0,1.0,mwm_rv_long-bplates,mwm,bin,mwm_bin_rv_long
mwm_ob_cepheids_0.1.0,16,163,1,mwm_ob,0.1.0,1.0,mwm_ob_cepheids,mwm,ob,mwm_ob_cepheids
mwm_rv_short-fps_0.1.0,17,164,1,mwm_rv,0.1.0,1.0,mwm_rv_short-fps,mwm,bin,mwm_bin_rv_short
mwm_rv_short-bplates_0.1.0,18,165,1,mwm_rv,0.1.0,1.0,mwm_rv_short-bplates,mwm,bin,mwm_bin_rv_short
mwm_ob_core_0.1.0,19,236,1,mwm_ob,0.1.0,1.0,mwm_ob_core,mwm,ob,mwm_ob_core
mwm_rv_short-rm_0.1.0,20,241,1,mwm_rv,0.1.0,1.0,mwm_rv_short-rm,mwm,bin,mwm_bin_rv_short
mwm_rv_long-rm_0.1.0,21,242,1,mwm_rv,0.1.0,1.0,mwm_rv_long-rm,mwm,bin,mwm_bin_rv_long
ops_std_boss_0.1.0,22,257,1,ops_std,0.1.0,1.0,ops_std_boss,ops,std,ops_std
mwm_wd_core_0.1.0,23,259,1,mwm_wd,0.1.0,1.0,mwm_wd_core,mwm,wd,mwm_wd
mwm_gg_core_0.1.0,24,273,1,mwm_gg,0.1.0,1.0,mwm_gg_core,mwm,galactic,mwm_galactic_core
mwm_planet_tess_0.1.0,25,274,1,mwm_planet,0.1.0,1.0,mwm_planet_tess,mwm,planet,mwm_tess_2min
bhm_aqmes_med_0.1.0,26,278,1,bhm_aqmes,0.1.0,1.0,bhm_aqmes_med,bhm,aqmes,bhm_aqmes
mwm_cb_gaiagalex_0.1.0,27,279,1,mwm_cb,0.1.0,1.0,mwm_cb_gaiagalex,mwm,cb,mwm_cb_galex
bhm_aqmes_med-faint_0.1.0,28,280,1,bhm_filler,0.1.0,1.0,bhm_aqmes_med-faint,bhm,filler,bhm_aqmes
mwm_tessrgb_core_0.1.0,29,281,1,mwm_tessrgb,0.1.0,1.0,mwm_tessrgb_core,mwm,tessrgb,mwm_tess_rgb
bhm_aqmes_wide3_0.1.0,30,286,1,bhm_aqmes,0.1.0,1.0,bhm_aqmes_wide3,bhm,aqmes,bhm_aqmes
bhm_aqmes_wide3-faint_0.1.0,31,287,1,bhm_filler,0.1.0,1.0,bhm_aqmes_wide3-faint,bhm,filler,bhm_aqmes
bhm_aqmes_wide2_0.1.0,32,288,1,bhm_aqmes,0.1.0,1.0,bhm_aqmes_wide2,bhm,aqmes,bhm_aqmes
bhm_aqmes_wide2-faint_0.1.0,33,289,1,bhm_filler,0.1.0,1.0,bhm_aqmes_wide2-faint,bhm,filler,bhm_aqmes
bhm_aqmes_bonus-dark_0.1.0,34,290,1,bhm_filler,0.1.0,1.0,bhm_aqmes_bonus-dark,bhm,filler,bhm_aqmes
bhm_aqmes_bonus-bright_0.1.0,35,291,1,bhm_filler,0.1.0,1.0,bhm_aqmes_bonus-bright,bhm,filler,bhm_aqmes
bhm_csc_boss-dark_0.1.0,36,307,1,bhm_csc,0.1.0,1.0,bhm_csc_boss-dark,bhm,csc,bhm_csc
bhm_csc_boss-bright_0.1.0,37,308,1,bhm_csc,0.1.0,1.0,bhm_csc_boss-bright,bhm,csc,bhm_csc
bhm_csc_apogee_0.1.0,38,309,1,bhm_csc,0.1.0,1.0,bhm_csc_apogee,bhm,csc,bhm_csc
bhm_gua_dark_0.1.0,39,310,1,bhm_filler,0.1.0,1.0,bhm_gua_dark,bhm,filler,bhm_filler
bhm_gua_bright_0.1.0,40,311,1,bhm_filler,0.1.0,1.0,bhm_gua_bright,bhm,filler,bhm_filler
ops_std_eboss_0.1.0,41,319,1,ops_std,0.1.0,1.0,ops_std_eboss,ops,std,ops_std
ops_sky_apogee_0.1.0,42,325,1,ops_sky,0.1.0,1.0,ops_sky_apogee,ops,sky,ops_sky
bhm_rm_core_0.1.0,43,340,1,bhm_rm,0.1.0,1.0,bhm_rm_core,bhm,rm,bhm_rm
bhm_rm_known-spec_0.1.0,44,341,1,bhm_rm,0.1.0,1.0,bhm_rm_known-spec,bhm,rm,bhm_rm
bhm_rm_var_0.1.0,45,342,1,bhm_rm,0.1.0,1.0,bhm_rm_var,bhm,rm,bhm_rm
bhm_rm_ancillary_0.1.0,46,343,1,bhm_rm,0.1.0,1.0,bhm_rm_ancillary,bhm,rm,bhm_rm
ops_std_boss-red_0.1.0,47,351,1,ops_std,0.1.0,1.0,ops_std_boss-red,ops,std,ops_std
bhm_spiders_agn-efeds_0.1.0,48,356,1,bhm_spiders,0.1.0,1.0,bhm_spiders_agn-efeds,bhm,spiders,bhm_spiders
bhm_spiders_clusters-efeds-sdss-redmapper_0.1.0,49,357,1,bhm_spiders,0.1.0,1.0,bhm_spiders_clusters-efeds-sdss-redmapper,bhm,spiders,bhm_spiders
bhm_spiders_clusters-efeds-hsc-redmapper_0.1.0,50,358,1,bhm_spiders,0.1.0,1.0,bhm_spiders_clusters-efeds-hsc-redmapper,bhm,spiders,bhm_spiders
bhm_spiders_clusters-efeds-ls-redmapper_0.1.0,51,359,1,bhm_spiders,0.1.0,1.0,bhm_spiders_clusters-efeds-ls-redmapper,bhm,spiders,bhm_spiders
bhm_spiders_clusters-efeds-erosita_0.1.0,52,360,1,bhm_spiders,0.1.0,1.0,bhm_spiders_clusters-efeds-erosita,bhm,spiders,bhm_spiders
mwm_cb_uvex1_0.1.0,53,361,1,mwm_cb,0.1.0,1.0,mwm_cb_uvex1,mwm,cb,mwm_cb_galex
mwm_cb_uvex2_0.1.0,54,362,1,mwm_cb,0.1.0,1.0,mwm_cb_uvex2,mwm,cb,mwm_cb_galex
mwm_dust_core_0.1.0,55,363,1,mwm_dust,0.1.0,1.0,mwm_dust_core,mwm,dust,mwm_dust_core
mwm_cb_uvex3_0.1.0,56,364,1,mwm_cb,0.1.0,1.0,mwm_cb_uvex3,mwm,cb,mwm_cb_xmmom
mwm_cb_uvex4_0.1.0,57,366,1,mwm_cb,0.1.0,1.0,mwm_cb_uvex4,mwm,cb,mwm_cb_swiftuvot
mwm_cb_uvex5_0.1.0,58,367,1,mwm_cb,0.1.0,1.0,mwm_cb_uvex5,mwm,cb,mwm_cb_galex
ops_sky_boss_0.1.0,59,368,1,ops_sky,0.1.0,1.0,ops_sky_boss,ops,sky,ops_sky
mwm_legacy_ir2opt_0.1.1,60,375,1,mwm_legacy,0.1.1,1.01,mwm_legacy_ir2opt,mwm,legacy,mwm_legacy_ir2opt
ops_apogee_stds_0.1.2,61,376,1,ops_std,0.1.2,1.02,ops_apogee_stds,ops,std,ops_std
ops_std_boss_tic_0.1.3,62,377,1,ops_std,0.1.3,1.03,ops_std_boss_tic,ops,std,ops_std
mwm_rv_long_bplates_0.1.4,63,378,1,mwm_rv,0.1.4,1.04,mwm_rv_long_bplates,mwm,bin,mwm_bin_rv_long
ops_std_eboss_0.5.0,64,529,1,ops_std,0.5.0,5.0,ops_std_eboss,ops,std,ops_std
ops_std_boss_0.5.0,65,530,1,ops_std,0.5.0,5.0,ops_std_boss,ops,std,ops_std
ops_std_boss_red_0.5.0,66,531,1,ops_std,0.5.0,5.0,ops_std_boss_red,ops,std,ops_std
ops_std_apogee_0.5.0,67,532,1,ops_std,0.5.0,5.0,ops_std_apogee,ops,std,ops_std
mwm_cb_gaiagalex_apogee_0.5.0,68,537,1,mwm_cb,0.5.0,5.0,mwm_cb_gaiagalex_apogee,mwm,cb,mwm_cb_galex
mwm_cb_gaiagalex_boss_0.5.0,69,538,1,mwm_cb,0.5.0,5.0,mwm_cb_gaiagalex_boss,mwm,cb,mwm_cb_galex
mwm_cb_cvcandidates_apogee_0.5.0,70,539,1,mwm_cb,0.5.0,5.0,mwm_cb_cvcandidates_apogee,mwm,cb,mwm_cb_cvcandidates
mwm_cb_cvcandidates_boss_0.5.0,71,540,1,mwm_cb,0.5.0,5.0,mwm_cb_cvcandidates_boss,mwm,cb,mwm_cb_cvcandidates
mwm_galactic_core_0.5.0,72,544,1,mwm_galactic,0.5.0,5.0,mwm_galactic_core,mwm,galactic,mwm_galactic_core
mwm_cb_uvex3_0.5.0,73,547,1,mwm_cb,0.5.0,5.0,mwm_cb_uvex3,mwm,cb,mwm_cb_xmmom
mwm_cb_uvex4_0.5.0,74,548,1,mwm_cb,0.5.0,5.0,mwm_cb_uvex4,mwm,cb,mwm_cb_swiftuvot
mwm_snc_100pc_boss_0.5.0,75,551,1,mwm_snc,0.5.0,5.0,mwm_snc_100pc_boss,mwm,snc,mwm_snc
mwm_snc_250pc_apogee_0.5.0,76,552,1,mwm_snc,0.5.0,5.0,mwm_snc_250pc_apogee,mwm,snc,mwm_snc
mwm_snc_250pc_boss_0.5.0,77,553,1,mwm_snc,0.5.0,5.0,mwm_snc_250pc_boss,mwm,snc,mwm_snc
mwm_halo_sm_boss_0.5.0,78,557,1,mwm_filler,0.5.0,5.0,mwm_halo_sm_boss,mwm,halo,mwm_halo_sm
mwm_yso_disk_apogee_0.5.0,79,558,1,mwm_yso,0.5.0,5.0,mwm_yso_disk_apogee,mwm,yso,mwm_yso_disk
mwm_yso_disk_boss_0.5.0,80,559,1,mwm_yso,0.5.0,5.0,mwm_yso_disk_boss,mwm,yso,mwm_yso_disk
mwm_yso_embedded_apogee_0.5.0,81,560,1,mwm_yso,0.5.0,5.0,mwm_yso_embedded_apogee,mwm,yso,mwm_yso_embedded
mwm_yso_nebula_apogee_0.5.0,82,561,1,mwm_yso,0.5.0,5.0,mwm_yso_nebula_apogee,mwm,yso,mwm_yso_nebula
mwm_yso_variable_apogee_0.5.0,83,562,1,mwm_yso,0.5.0,5.0,mwm_yso_variable_apogee,mwm,yso,mwm_yso_variable
mwm_yso_variable_boss_0.5.0,84,563,1,mwm_yso,0.5.0,5.0,mwm_yso_variable_boss,mwm,yso,mwm_yso_variable
mwm_yso_ob_apogee_0.5.0,85,564,1,mwm_yso,0.5.0,5.0,mwm_yso_ob_apogee,mwm,yso,mwm_yso_ob
mwm_yso_ob_boss_0.5.0,86,565,1,mwm_yso,0.5.0,5.0,mwm_yso_ob_boss,mwm,yso,mwm_yso_ob
mwm_yso_cmz_apogee_0.5.0,87,566,1,mwm_yso,0.5.0,5.0,mwm_yso_cmz_apogee,mwm,yso,mwm_yso_cmz
mwm_yso_cluster_apogee_0.5.0,88,567,1,mwm_yso,0.5.0,5.0,mwm_yso_cluster_apogee,mwm,yso,mwm_yso_cluster
mwm_yso_cluster_boss_0.5.0,89,568,1,mwm_yso,0.5.0,5.0,mwm_yso_cluster_boss,mwm,yso,mwm_yso_cluster
mwm_rv_short_fps_0.5.0,90,576,1,mwm_rv,0.5.0,5.0,mwm_rv_short_fps,mwm,bin,mwm_bin_rv_short
mwm_legacy_ir2opt_0.5.0,91,580,1,mwm_legacy,0.5.0,5.0,mwm_legacy_ir2opt,mwm,legacy,mwm_legacy_ir2opt
mwm_dust_core_0.5.0,92,583,1,mwm_dust,0.5.0,5.0,mwm_dust_core,mwm,dust,mwm_dust_core
mwm_wd_core_0.5.0,93,585,1,mwm_wd,0.5.0,5.0,mwm_wd_core,mwm,wd,mwm_wd
mwm_tess_planet_0.5.0,94,586,1,mwm_planet,0.5.0,5.0,mwm_tess_planet,mwm,planet,mwm_tess_2min
mwm_snc_100pc_apogee_0.5.0,95,587,1,mwm_snc,0.5.0,5.0,mwm_snc_100pc_apogee,mwm,snc,mwm_snc
mwm_tess_ob_0.5.0,96,629,1,mwm_tess_ob,0.5.0,5.0,mwm_tess_ob,mwm,tessob,mwm_tess_ob
mwm_cb_uvex1_0.5.0,97,632,1,mwm_cb,0.5.0,5.0,mwm_cb_uvex1,mwm,cb,mwm_cb_galex
mwm_cb_uvex2_0.5.0,98,633,1,mwm_cb,0.5.0,5.0,mwm_cb_uvex2,mwm,cb,mwm_cb_galex
mwm_tessrgb_core_0.5.0,99,637,1,mwm_tessrgb,0.5.0,5.0,mwm_tessrgb_core,mwm,tessrgb,mwm_tess_rgb
ops_std_boss_tic_0.5.0,100,675,1,ops_std,0.5.0,5.0,ops_std_boss_tic,ops,std,ops_std
mwm_rv_long_fps_0.5.0,101,681,1,mwm_rv,0.5.0,5.0,mwm_rv_long_fps,mwm,bin,mwm_bin_rv_long
mwm_halo_bb_boss_0.5.0,102,690,1,mwm_filler,0.5.0,5.0,mwm_halo_bb_boss,mwm,halo,mwm_halo_bb
mwm_cb_300pc_apogee_0.5.0,103,691,1,mwm_cb,0.5.0,5.0,mwm_cb_300pc_apogee,mwm,cb,mwm_cb_300pc
mwm_cb_300pc_boss_0.5.0,104,692,1,mwm_cb,0.5.0,5.0,mwm_cb_300pc_boss,mwm,cb,mwm_cb_300pc
bhm_spiders_agn_gaiadr2_0.5.0,105,693,1,bhm_spiders,0.5.0,5.0,bhm_spiders_agn_gaiadr2,bhm,spiders,bhm_spiders
bhm_spiders_agn_lsdr8_0.5.0,106,694,1,bhm_spiders,0.5.0,5.0,bhm_spiders_agn_lsdr8,bhm,spiders,bhm_spiders
bhm_spiders_agn_sep_0.5.0,107,695,1,bhm_spiders,0.5.0,5.0,bhm_spiders_agn_sep,bhm,spiders,bhm_spiders
bhm_spiders_agn_efeds_stragglers_0.5.0,108,696,1,bhm_spiders,0.5.0,5.0,bhm_spiders_agn_efeds_stragglers,bhm,spiders,bhm_spiders
bhm_spiders_agn_ps1dr2_0.5.0,109,704,1,bhm_spiders,0.5.0,5.0,bhm_spiders_agn_ps1dr2,bhm,spiders,bhm_spiders
bhm_spiders_agn_skymapperdr2_0.5.0,110,705,1,bhm_spiders,0.5.0,5.0,bhm_spiders_agn_skymapperdr2,bhm,spiders,bhm_spiders
bhm_spiders_agn_supercosmos_0.5.0,111,706,1,bhm_spiders,0.5.0,5.0,bhm_spiders_agn_supercosmos,bhm,spiders,bhm_spiders
bhm_spiders_clusters_lsdr8_0.5.0,112,707,1,bhm_spiders,0.5.0,5.0,bhm_spiders_clusters_lsdr8,bhm,spiders,bhm_spiders
bhm_spiders_clusters_ps1dr2_0.5.0,113,708,1,bhm_spiders,0.5.0,5.0,bhm_spiders_clusters_ps1dr2,bhm,spiders,bhm_spiders
bhm_spiders_clusters_efeds_stragglers_0.5.0,114,709,1,bhm_spiders,0.5.0,5.0,bhm_spiders_clusters_efeds_stragglers,bhm,spiders,bhm_spiders
bhm_gua_bright_0.5.0,115,710,1,bhm_filler,0.5.0,5.0,bhm_gua_bright,bhm,filler,bhm_filler
bhm_gua_dark_0.5.0,116,711,1,bhm_filler,0.5.0,5.0,bhm_gua_dark,bhm,filler,bhm_filler
mwm_cb_uvex5_0.5.0,117,715,1,mwm_cb,0.5.0,5.0,mwm_cb_uvex5,mwm,cb,mwm_cb_galex
bhm_rm_known_spec_0.5.0,118,723,1,bhm_rm,0.5.0,5.0,bhm_rm_known_spec,bhm,rm,bhm_rm
bhm_rm_core_0.5.0,119,724,1,bhm_rm,0.5.0,5.0,bhm_rm_core,bhm,rm,bhm_rm
bhm_rm_var_0.5.0,120,725,1,bhm_rm,0.5.0,5.0,bhm_rm_var,bhm,rm,bhm_rm
bhm_rm_ancillary_0.5.0,121,726,1,bhm_rm,0.5.0,5.0,bhm_rm_ancillary,bhm,rm,bhm_rm
ops_std_boss_lsdr8_0.5.0,122,727,1,ops_std,0.5.0,5.0,ops_std_boss_lsdr8,ops,std,ops_std
ops_std_boss_ps1dr2_0.5.0,123,728,1,ops_std,0.5.0,5.0,ops_std_boss_ps1dr2,ops,std,ops_std
ops_std_boss_gdr2_0.5.0,124,729,1,ops_std,0.5.0,5.0,ops_std_boss_gdr2,ops,std,ops_std
bhm_aqmes_med_0.5.0,125,731,1,bhm_aqmes,0.5.0,5.0,bhm_aqmes_med,bhm,aqmes,bhm_aqmes
bhm_aqmes_med_faint_0.5.0,126,732,1,bhm_filler,0.5.0,5.0,bhm_aqmes_med_faint,bhm,filler,bhm_aqmes
bhm_csc_boss_dark_0.5.0,127,733,1,bhm_csc,0.5.0,5.0,bhm_csc_boss_dark,bhm,csc,bhm_csc
bhm_csc_boss_bright_0.5.0,128,734,1,bhm_csc,0.5.0,5.0,bhm_csc_boss_bright,bhm,csc,bhm_csc
bhm_csc_apogee_0.5.0,129,735,1,bhm_csc,0.5.0,5.0,bhm_csc_apogee,bhm,csc,bhm_csc
mwm_yso_pms_apogee_0.5.1,130,750,1,mwm_yso,0.5.1,5.01,mwm_yso_pms_apogee,mwm,yso,mwm_yso_pms
mwm_yso_pms_boss_0.5.1,131,751,1,mwm_yso,0.5.1,5.01,mwm_yso_pms_boss,mwm,yso,mwm_yso_pms
mwm_ob_core_0.5.1,132,752,1,mwm_ob,0.5.1,5.01,mwm_ob_core,mwm,ob,mwm_ob_core
mwm_ob_cepheids_0.5.1,133,753,1,mwm_ob,0.5.1,5.01,mwm_ob_cepheids,mwm,ob,mwm_ob_cepheids
mwm_halo_bb_boss_0.5.1,134,754,1,mwm_filler,0.5.1,5.01,mwm_halo_bb_boss,mwm,halo,mwm_halo_bb
mwm_halo_sm_boss_0.5.1,135,755,1,mwm_filler,0.5.1,5.01,mwm_halo_sm_boss,mwm,halo,mwm_halo_sm
mwm_erosita_stars_0.5.2,136,770,1,mwm_erosita,0.5.2,5.02,mwm_erosita_stars,mwm,erosita,mwm_erosita_stars
mwm_erosita_compact_gen_0.5.2,137,771,1,mwm_erosita,0.5.2,5.02,mwm_erosita_compact_gen,mwm,erosita,mwm_erosita_compact
mwm_erosita_compact_var_0.5.2,138,772,1,mwm_erosita,0.5.2,5.02,mwm_erosita_compact_var,mwm,erosita,mwm_erosita_compact
openfibertargets_nov2020_25_0.5.2-test,139,892,1,open_fiber,0.5.2-test,5.02,openfibertargets_nov2020_25,open,open_fiber,mwm_halo_local
openfibertargets_nov2020_28a_0.5.2-test,140,895,1,open_fiber,0.5.2-test,5.02,openfibertargets_nov2020_28a,open,open_fiber,manual_mwm_halo_distant_kgiant
openfibertargets_nov2020_28b_0.5.2-test,141,896,1,open_fiber,0.5.2-test,5.02,openfibertargets_nov2020_28b,open,open_fiber,manual_mwm_halo_distant_bhb
openfibertargets_nov2020_28c_0.5.2-test,142,897,1,open_fiber,0.5.2-test,5.02,openfibertargets_nov2020_28c,open,open_fiber,mwm_halo_distant_rrl
openfibertargets_nov2020_35a_0.5.2-test,143,903,1,open_fiber,0.5.2-test,5.02,openfibertargets_nov2020_35a,open,open_fiber,manual_mwm_halo_mp_wise
openfibertargets_nov2020_35b_0.5.2-test,144,904,1,open_fiber,0.5.2-test,5.02,openfibertargets_nov2020_35b,open,open_fiber,mwm_halo_openfiber
openfibertargets_nov2020_5_0.5.2-test,145,912,1,open_fiber,0.5.2-test,5.02,openfibertargets_nov2020_5,open,open_fiber,mwm_halo_openfiber
openfibertargets_nov2020_6b_0.5.2-test,146,914,1,open_fiber,0.5.2-test,5.02,openfibertargets_nov2020_6b,open,open_fiber,mwm_halo_openfiber
openfibertargets_nov2020_6c_0.5.2-test,147,915,1,open_fiber,0.5.2-test,5.02,openfibertargets_nov2020_6c,open,open_fiber,mwm_halo_openfiber
openfibertargets_nov2020_10_0.5.3,148,999,1,open_fiber,0.5.3,5.03,openfibertargets_nov2020_10,open,open_fiber,mwm_bin_openfiber
openfibertargets_nov2020_1000_0.5.3,149,1000,1,open_fiber,0.5.3,5.03,openfibertargets_nov2020_1000,open,open_fiber,mwm_cluster_openfiber
openfibertargets_nov2020_1001a_0.5.3,150,1001,1,open_fiber,0.5.3,5.03,openfibertargets_nov2020_1001a,open,open_fiber,mwm_bin_openfiber
openfibertargets_nov2020_1001b_0.5.3,151,1002,1,open_fiber,0.5.3,5.03,openfibertargets_nov2020_1001b,open,open_fiber,mwm_bin_openfiber
openfibertargets_nov2020_11_0.5.3,152,1003,1,open_fiber,0.5.3,5.03,openfibertargets_nov2020_11,open,open_fiber,bhm_openfiber
openfibertargets_nov2020_12_0.5.3,153,1004,1,open_fiber,0.5.3,5.03,openfibertargets_nov2020_12,open,open_fiber,mwm_bin_openfiber
openfibertargets_nov2020_14_0.5.3,154,1005,1,open_fiber,0.5.3,5.03,openfibertargets_nov2020_14,open,open_fiber,mwm_bin_openfiber
openfibertargets_nov2020_15_0.5.3,155,1006,1,open_fiber,0.5.3,5.03,openfibertargets_nov2020_15,open,open_fiber,mwm_cluster_openfiber
openfibertargets_nov2020_17_0.5.3,156,1007,1,open_fiber,0.5.3,5.03,openfibertargets_nov2020_17,open,open_fiber,mwm_yso_pms
openfibertargets_nov2020_18_0.5.3,157,1008,1,open_fiber,0.5.3,5.03,openfibertargets_nov2020_18,open,open_fiber,bhm_openfiber
openfibertargets_nov2020_22_0.5.3,158,1009,1,open_fiber,0.5.3,5.03,openfibertargets_nov2020_22,open,open_fiber,mwm_bin_openfiber
openfibertargets_nov2020_24_0.5.3,159,1010,1,open_fiber,0.5.3,5.03,openfibertargets_nov2020_24,open,open_fiber,mwm_snc_openfiber
openfibertargets_nov2020_25_0.5.3,160,1011,1,open_fiber,0.5.3,5.03,openfibertargets_nov2020_25,open,open_fiber,mwm_halo_local
openfibertargets_nov2020_26_0.5.3,161,1012,1,open_fiber,0.5.3,5.03,openfibertargets_nov2020_26,open,open_fiber,bhm_openfiber
openfibertargets_nov2020_27_0.5.3,162,1013,1,open_fiber,0.5.3,5.03,openfibertargets_nov2020_27,open,open_fiber,bhm_openfiber
openfibertargets_nov2020_28a_0.5.3,163,1014,1,open_fiber,0.5.3,5.03,openfibertargets_nov2020_28a,open,open_fiber,manual_mwm_halo_distant_kgiant
openfibertargets_nov2020_28b_0.5.3,164,1015,1,open_fiber,0.5.3,5.03,openfibertargets_nov2020_28b,open,open_fiber,manual_mwm_halo_distant_bhb
openfibertargets_nov2020_28c_0.5.3,165,1016,1,open_fiber,0.5.3,5.03,openfibertargets_nov2020_28c,open,open_fiber,mwm_halo_distant_rrl
openfibertargets_nov2020_29_0.5.3,166,1017,1,open_fiber,0.5.3,5.03,openfibertargets_nov2020_29,open,open_fiber,mwm_cluster_openfiber
openfibertargets_nov2020_3_0.5.3,167,1018,1,open_fiber,0.5.3,5.03,openfibertargets_nov2020_3,open,open_fiber,mwm_bin_openfiber
openfibertargets_nov2020_30_0.5.3,168,1019,1,open_fiber,0.5.3,5.03,openfibertargets_nov2020_30,open,open_fiber,bhm_openfiber
openfibertargets_nov2020_31_0.5.3,169,1020,1,open_fiber,0.5.3,5.03,openfibertargets_nov2020_31,open,open_fiber,mwm_validation_openfiber
openfibertargets_nov2020_32_0.5.3,170,1021,1,open_fiber,0.5.3,5.03,openfibertargets_nov2020_32,open,open_fiber,mwm_bin_openfiber
openfibertargets_nov2020_33_0.5.3,171,1022,1,open_fiber,0.5.3,5.03,openfibertargets_nov2020_33,open,open_fiber,bhm_openfiber
openfibertargets_nov2020_35a_0.5.3,172,1023,1,open_fiber,0.5.3,5.03,openfibertargets_nov2020_35a,open,open_fiber,manual_mwm_halo_mp_wise
openfibertargets_nov2020_35b_0.5.3,173,1024,1,open_fiber,0.5.3,5.03,openfibertargets_nov2020_35b,open,open_fiber,mwm_halo_openfiber
openfibertargets_nov2020_35c_0.5.3,174,1025,1,open_fiber,0.5.3,5.03,openfibertargets_nov2020_35c,open,open_fiber,mwm_halo_openfiber
openfibertargets_nov2020_46_0.5.3,175,1026,1,open_fiber,0.5.3,5.03,openfibertargets_nov2020_46,open,open_fiber,mwm_bin_openfiber
openfibertargets_nov2020_47a_0.5.3,176,1027,1,open_fiber,0.5.3,5.03,openfibertargets_nov2020_47a,open,open_fiber,mwm_magcloud_rgb
openfibertargets_nov2020_47b_0.5.3,177,1028,1,open_fiber,0.5.3,5.03,openfibertargets_nov2020_47b,open,open_fiber,mwm_magcloud_agb
openfibertargets_nov2020_47c_0.5.3,178,1029,1,open_fiber,0.5.3,5.03,openfibertargets_nov2020_47c,open,open_fiber,mwm_magcloud_massive
openfibertargets_nov2020_47d_0.5.3,179,1030,1,open_fiber,0.5.3,5.03,openfibertargets_nov2020_47d,open,open_fiber,mwm_magcloud_massive
openfibertargets_nov2020_47e_0.5.3,180,1031,1,open_fiber,0.5.3,5.03,openfibertargets_nov2020_47e,open,open_fiber,mwm_magcloud_symbiotic
openfibertargets_nov2020_8_0.5.3,181,1036,1,open_fiber,0.5.3,5.03,openfibertargets_nov2020_8,open,open_fiber,mwm_cluster_openfiber
openfibertargets_nov2020_9_0.5.3,182,1037,1,open_fiber,0.5.3,5.03,openfibertargets_nov2020_9,open,open_fiber,mwm_cluster_openfiber
openfibertargets_nov2020_19a_0.5.3,183,1040,1,open_fiber,0.5.3,5.03,openfibertargets_nov2020_19a,open,open_fiber,mwm_tess_2min
openfibertargets_nov2020_19b_0.5.3,184,1041,1,open_fiber,0.5.3,5.03,openfibertargets_nov2020_19b,open,open_fiber,mwm_tess_2min
openfibertargets_nov2020_19c_0.5.3,185,1042,1,open_fiber,0.5.3,5.03,openfibertargets_nov2020_19c,open,open_fiber,mwm_tess_2min
manual_nsbh_apogee_0.5.3,186,1043,1,mwm_cb,0.5.3,5.03,manual_nsbh_apogee,mwm,nsbh,manual_mwm_nsbh
manual_nsbh_boss_0.5.3,187,1044,1,mwm_cb,0.5.3,5.03,manual_nsbh_boss,mwm,nsbh,manual_mwm_nsbh
manual_bhm_spiders_comm_0.5.3,188,1048,1,commissioning,0.5.3,5.03,manual_bhm_spiders_comm,ops,commissioning,bhm_spiders
bhm_aqmes_bonus_bright_0.5.4,189,1049,1,bhm_filler,0.5.4,5.04,bhm_aqmes_bonus_bright,bhm,filler,bhm_aqmes
bhm_aqmes_bonus_core_0.5.4,190,1050,1,bhm_filler,0.5.4,5.04,bhm_aqmes_bonus_core,bhm,filler,bhm_aqmes
bhm_aqmes_bonus_faint_0.5.4,191,1051,1,bhm_filler,0.5.4,5.04,bhm_aqmes_bonus_faint,bhm,filler,bhm_aqmes
bhm_aqmes_wide2_0.5.4,192,1052,1,bhm_aqmes,0.5.4,5.04,bhm_aqmes_wide2,bhm,aqmes,bhm_aqmes
bhm_aqmes_wide2_faint_0.5.4,193,1053,1,bhm_filler,0.5.4,5.04,bhm_aqmes_wide2_faint,bhm,filler,bhm_aqmes
mwm_cb_300pc_boss_0.5.4,194,1055,1,mwm_cb,0.5.4,5.04,mwm_cb_300pc_boss,mwm,cb,mwm_cb_300pc
openfibertargets_nov2020_5_0.5.3,195,1056,1,open_fiber,0.5.3,5.03,openfibertargets_nov2020_5,open,open_fiber,mwm_halo_openfiber
openfibertargets_nov2020_6a_0.5.3,196,1057,1,open_fiber,0.5.3,5.03,openfibertargets_nov2020_6a,open,open_fiber,mwm_halo_openfiber
openfibertargets_nov2020_6b_0.5.3,197,1058,1,open_fiber,0.5.3,5.03,openfibertargets_nov2020_6b,open,open_fiber,mwm_halo_openfiber
openfibertargets_nov2020_6c_0.5.3,198,1059,1,open_fiber,0.5.3,5.03,openfibertargets_nov2020_6c,open,open_fiber,mwm_halo_openfiber
manual_bright_target_offsets_1_0.5.3,199,1069,1,commissioning,0.5.3,5.03,manual_bright_target_offsets_1,ops,commissioning,mwm_ob_core
manual_bright_target_offsets_1_g13_0.5.3,200,1070,1,commissioning,0.5.3,5.03,manual_bright_target_offsets_1_g13,ops,commissioning,mwm_ob_core
manual_bright_targets_g13_0.5.3,201,1073,1,commissioning,0.5.3,5.03,manual_bright_targets_g13,ops,commissioning,mwm_ob_core
manual_bright_targets_g13_offset_fixed_1_0.5.3,202,1074,1,commissioning,0.5.3,5.03,manual_bright_targets_g13_offset_fixed_1,ops,commissioning,mwm_ob_core
manual_bright_targets_g13_offset_fixed_3_0.5.3,203,1076,1,commissioning,0.5.3,5.03,manual_bright_targets_g13_offset_fixed_3,ops,commissioning,mwm_ob_core
manual_bright_targets_g13_offset_fixed_5_0.5.3,204,1078,1,commissioning,0.5.3,5.03,manual_bright_targets_g13_offset_fixed_5,ops,commissioning,mwm_ob_core
manual_bright_targets_g13_offset_fixed_7_0.5.3,205,1080,1,commissioning,0.5.3,5.03,manual_bright_targets_g13_offset_fixed_7,ops,commissioning,mwm_ob_core
ops_sky_boss_best_0.5.7,206,1082,1,SKY,0.5.7,5.07,ops_sky_boss_best,ops,sky,ops_sky
ops_sky_boss_good_0.5.7,207,1083,1,SKY,0.5.7,5.07,ops_sky_boss_good,ops,sky,ops_sky
ops_sky_boss_best_0.5.8,208,1090,1,SKY,0.5.8,5.08,ops_sky_boss_best,ops,sky,ops_sky
ops_sky_boss_good_0.5.8,209,1091,1,SKY,0.5.8,5.08,ops_sky_boss_good,ops,sky,ops_sky
ops_sky_apogee_best_0.5.8,210,1092,1,SKY,0.5.8,5.08,ops_sky_apogee_best,ops,sky,ops_sky
ops_sky_apogee_good_0.5.8,211,1093,1,SKY,0.5.8,5.08,ops_sky_apogee_good,ops,sky,ops_sky
manual_fps_position_stars_0.5.3,212,1094,1,commissioning,0.5.3,5.03,manual_fps_position_stars,ops,commissioning,manual_fps_position_stars_apogee
ops_sky_boss_best_0.5.9,213,1095,1,ops_sky,0.5.9,5.09,ops_sky_boss_best,ops,sky,ops_sky
ops_sky_boss_good_0.5.9,214,1096,1,ops_sky,0.5.9,5.09,ops_sky_boss_good,ops,sky,ops_sky
ops_sky_apogee_best_0.5.9,215,1097,1,ops_sky,0.5.9,5.09,ops_sky_apogee_best,ops,sky,ops_sky
ops_sky_apogee_good_0.5.9,216,1098,1,ops_sky,0.5.9,5.09,ops_sky_apogee_good,ops,sky,ops_sky
mwm_tess_ob_0.5.11,217,1104,1,mwm_tessob,0.5.11,5.11,mwm_tess_ob,mwm,tessob,mwm_tess_ob
manual_fps_position_stars_10_0.5.3,218,1105,1,commissioning,0.5.3,5.03,manual_fps_position_stars_10,ops,commissioning,manual_fps_position_stars_apogee
ops_sky_boss_fallback_0.5.12,219,1108,1,ops_sky,0.5.12,5.12,ops_sky_boss_fallback,ops,sky,ops_sky
openfibertargets_nov2020_34a_0.5.13,220,1110,1,open_fiber,0.5.13,5.13,openfibertargets_nov2020_34a,open,open_fiber,mwm_openfiber
openfibertargets_nov2020_34b_0.5.13,221,1111,1,open_fiber,0.5.13,5.13,openfibertargets_nov2020_34b,open,open_fiber,mwm_openfiber
bhm_csc_boss_0.5.14,222,1112,1,bhm_csc,0.5.14,5.14,bhm_csc_boss,bhm,csc,bhm_csc
bhm_csc_boss_0.5.15,223,1114,1,bhm_csc,0.5.15,5.15,bhm_csc_boss,bhm,csc,bhm_csc
bhm_csc_apogee_0.5.15,224,1115,1,bhm_csc,0.5.15,5.15,bhm_csc_apogee,bhm,csc,bhm_csc
bhm_colr_galaxies_lsdr8_0.5.16,225,1116,1,bhm_filler,0.5.16,5.16,bhm_colr_galaxies_lsdr8,bhm,filler,bhm_filler
mwm_yso_cluster_apogee_0.5.17,226,1121,1,mwm_yso,0.5.17,5.17,mwm_yso_cluster_apogee,mwm,yso,mwm_yso_cluster
mwm_yso_cluster_boss_0.5.17,227,1122,1,mwm_yso,0.5.17,5.17,mwm_yso_cluster_boss,mwm,yso,mwm_yso_cluster
mwm_yso_cmz_apogee_0.5.17,228,1123,1,mwm_yso,0.5.17,5.17,mwm_yso_cmz_apogee,mwm,yso,mwm_yso_cmz
mwm_yso_disk_apogee_0.5.17,229,1124,1,mwm_yso,0.5.17,5.17,mwm_yso_disk_apogee,mwm,yso,mwm_yso_disk
mwm_yso_disk_boss_0.5.17,230,1125,1,mwm_yso,0.5.17,5.17,mwm_yso_disk_boss,mwm,yso,mwm_yso_disk
mwm_yso_embedded_apogee_0.5.17,231,1126,1,mwm_yso,0.5.17,5.17,mwm_yso_embedded_apogee,mwm,yso,mwm_yso_embedded
mwm_yso_nebula_apogee_0.5.17,232,1127,1,mwm_yso,0.5.17,5.17,mwm_yso_nebula_apogee,mwm,yso,mwm_yso_nebula
mwm_yso_variable_apogee_0.5.17,233,1128,1,mwm_yso,0.5.17,5.17,mwm_yso_variable_apogee,mwm,yso,mwm_yso_variable
mwm_yso_variable_boss_0.5.17,234,1129,1,mwm_yso,0.5.17,5.17,mwm_yso_variable_boss,mwm,yso,mwm_yso_variable
mwm_rv_long_fps_0.5.18,235,1130,1,mwm_rv,0.5.18,5.18,mwm_rv_long_fps,mwm,bin,mwm_bin_rv_long
mwm_rv_short_fps_0.5.18,236,1131,1,mwm_rv,0.5.18,5.18,mwm_rv_short_fps,mwm,bin,mwm_bin_rv_short
mwm_cb_300pc_apogee_0.5.19,237,1132,1,mwm_cb,0.5.19,5.19,mwm_cb_300pc_apogee,mwm,cb,mwm_cb_300pc
mwm_cb_300pc_boss_0.5.19,238,1133,1,mwm_cb,0.5.19,5.19,mwm_cb_300pc_boss,mwm,cb,mwm_cb_300pc
manual_mwm_tess_ob_0.5.13,239,1134,1,mwm_tessob,0.5.13,5.13,manual_mwm_tess_ob,mwm,tess,mwm_tess_ob
manual_fps_position_stars_apogee_10_0.5.13,240,1135,1,commissioning,0.5.13,5.13,manual_fps_position_stars_apogee_10,ops,commissioning,manual_fps_position_stars_apogee
manual_offset_mwmhalo_off00_0.5.13,241,1137,1,commissioning,0.5.13,5.13,manual_offset_mwmhalo_off00,ops,commissioning,manual_offset_mwmhalo
manual_offset_mwmhalo_off05_0.5.13,242,1138,1,commissioning,0.5.13,5.13,manual_offset_mwmhalo_off05,ops,commissioning,manual_offset_mwmhalo
manual_offset_mwmhalo_off10_0.5.13,243,1139,1,commissioning,0.5.13,5.13,manual_offset_mwmhalo_off10,ops,commissioning,manual_offset_mwmhalo
manual_offset_mwmhalo_off20_0.5.13,244,1140,1,commissioning,0.5.13,5.13,manual_offset_mwmhalo_off20,ops,commissioning,manual_offset_mwmhalo
manual_offset_mwmhalo_off30_0.5.13,245,1141,1,commissioning,0.5.13,5.13,manual_offset_mwmhalo_off30,ops,commissioning,manual_offset_mwmhalo
manual_offset_mwmhalo_offa_0.5.13,246,1142,1,commissioning,0.5.13,5.13,manual_offset_mwmhalo_offa,ops,commissioning,manual_offset_mwmhalo
manual_offset_mwmhalo_offb_0.5.13,247,1143,1,commissioning,0.5.13,5.13,manual_offset_mwmhalo_offb,ops,commissioning,manual_offset_mwmhalo
manual_bright_target_offsets_3_0.5.20,248,1158,1,mwm_ob,0.5.20,5.2,manual_bright_target_offsets_3,ops,commissioning,mwm_ob_core
ops_std_apogee_0.5.22,249,1163,1,ops_std,0.5.22,5.22,ops_std_apogee,ops,std,ops_std
manual_bhm_spiders_comm_lco_0.5.23,250,1165,1,commissioning,0.5.23,5.23,manual_bhm_spiders_comm_lco,ops,commissioning,bhm_spiders
manual_fps_position_stars_lco_apogee_10_0.5.23,251,1166,1,commissioning,0.5.23,5.23,manual_fps_position_stars_lco_apogee_10,ops,commissioning,manual_fps_position_stars_apogee
bhm_spiders_agn_sep_1.0.5,252,1253,1,bhm_spiders,1.0.5,10.05,bhm_spiders_agn_sep,bhm,spiders,bhm_spiders
ops_std_boss_lsdr10_1.0.5,253,1263,1,ops_std,1.0.5,10.05,ops_std_boss_lsdr10,ops,std,ops_std
mwm_yso_cluster_apogee_1.0.6,254,1267,1,mwm_yso,1.0.6,10.06,mwm_yso_cluster_apogee,mwm,yso,mwm_yso_cluster
mwm_yso_cluster_boss_1.0.6,255,1268,1,mwm_yso,1.0.6,10.06,mwm_yso_cluster_boss,mwm,yso,mwm_yso_cluster
mwm_yso_disk_apogee_1.0.6,256,1271,1,mwm_yso,1.0.6,10.06,mwm_yso_disk_apogee,mwm,yso,mwm_yso_disk
mwm_yso_disk_boss_1.0.6,257,1272,1,mwm_yso,1.0.6,10.06,mwm_yso_disk_boss,mwm,yso,mwm_yso_disk
mwm_yso_cmz_apogee_1.0.6,258,1273,1,mwm_yso,1.0.6,10.06,mwm_yso_cmz_apogee,mwm,yso,mwm_yso_cmz
mwm_yso_variable_apogee_1.0.6,259,1274,1,mwm_yso,1.0.6,10.06,mwm_yso_variable_apogee,mwm,yso,mwm_yso_variable
mwm_yso_variable_boss_1.0.6,260,1275,1,mwm_yso,1.0.6,10.06,mwm_yso_variable_boss,mwm,yso,mwm_yso_variable
mwm_yso_embedded_apogee_1.0.6,261,1276,1,mwm_yso,1.0.6,10.06,mwm_yso_embedded_apogee,mwm,yso,mwm_yso_embedded
mwm_yso_pms_apogee_zari18pms_1.0.6,262,1278,1,mwm_yso,1.0.6,10.06,mwm_yso_pms_apogee_zari18pms,mwm,yso,mwm_yso_pms
mwm_yso_pms_boss_sagitta_edr3_1.0.6,263,1279,1,mwm_yso,1.0.6,10.06,mwm_yso_pms_boss_sagitta_edr3,mwm,yso,mwm_yso_pms
mwm_yso_pms_boss_zari18pms_1.0.6,264,1280,1,mwm_yso,1.0.6,10.06,mwm_yso_pms_boss_zari18pms,mwm,yso,mwm_yso_pms
openfibertargets_nov2020_11_1.0.7,265,1289,1,open_fiber,1.0.7,10.07,openfibertargets_nov2020_11,open,open_fiber,bhm_openfiber
openfibertargets_nov2020_18_1.0.7,266,1290,1,open_fiber,1.0.7,10.07,openfibertargets_nov2020_18,open,open_fiber,bhm_openfiber
openfibertargets_nov2020_26_1.0.7,267,1291,1,open_fiber,1.0.7,10.07,openfibertargets_nov2020_26,open,open_fiber,bhm_openfiber
openfibertargets_nov2020_27_1.0.7,268,1292,1,open_fiber,1.0.7,10.07,openfibertargets_nov2020_27,open,open_fiber,bhm_openfiber
openfibertargets_nov2020_30_1.0.7,269,1293,1,open_fiber,1.0.7,10.07,openfibertargets_nov2020_30,open,open_fiber,bhm_openfiber
mwm_yso_nebula_apogee_1.0.8,270,1308,1,mwm_yso,1.0.8,10.08,mwm_yso_nebula_apogee,mwm,yso,mwm_yso_nebula
manual_mwm_halo_distant_kgiant_1.0.7,271,1317,1,mwm_halo,1.0.7,10.07,manual_mwm_halo_distant_kgiant,mwm,halo,manual_mwm_halo_distant_kgiant
manual_mwm_halo_mp_bbb_1.0.7,272,1318,1,mwm_halo,1.0.7,10.07,manual_mwm_halo_mp_bbb,mwm,halo,manual_mwm_halo_mp_wise
openfibertargets_nov2020_10_1.0.7,273,1320,1,open_fiber,1.0.7,10.07,openfibertargets_nov2020_10,open,open_fiber,mwm_bin_openfiber
openfibertargets_nov2020_1000_1.0.7,274,1321,1,open_fiber,1.0.7,10.07,openfibertargets_nov2020_1000,open,open_fiber,mwm_cluster_openfiber
openfibertargets_nov2020_12_1.0.7,275,1322,1,open_fiber,1.0.7,10.07,openfibertargets_nov2020_12,open,open_fiber,mwm_bin_openfiber
openfibertargets_nov2020_14_1.0.7,276,1323,1,open_fiber,1.0.7,10.07,openfibertargets_nov2020_14,open,open_fiber,mwm_bin_openfiber
openfibertargets_nov2020_15_1.0.7,277,1324,1,open_fiber,1.0.7,10.07,openfibertargets_nov2020_15,open,open_fiber,mwm_cluster_openfiber
openfibertargets_nov2020_22_1.0.7,278,1325,1,open_fiber,1.0.7,10.07,openfibertargets_nov2020_22,open,open_fiber,mwm_bin_openfiber
openfibertargets_nov2020_24_1.0.7,279,1326,1,open_fiber,1.0.7,10.07,openfibertargets_nov2020_24,open,open_fiber,mwm_snc_openfiber
openfibertargets_nov2020_29_1.0.7,280,1327,1,open_fiber,1.0.7,10.07,openfibertargets_nov2020_29,open,open_fiber,mwm_cluster_openfiber
openfibertargets_nov2020_3_1.0.7,281,1328,1,open_fiber,1.0.7,10.07,openfibertargets_nov2020_3,open,open_fiber,mwm_bin_openfiber
openfibertargets_nov2020_31_1.0.7,282,1329,1,open_fiber,1.0.7,10.07,openfibertargets_nov2020_31,open,open_fiber,mwm_validation_openfiber
openfibertargets_nov2020_34a_1.0.7,283,1330,1,open_fiber,1.0.7,10.07,openfibertargets_nov2020_34a,open,open_fiber,mwm_openfiber
openfibertargets_nov2020_34b_1.0.7,284,1331,1,open_fiber,1.0.7,10.07,openfibertargets_nov2020_34b,open,open_fiber,mwm_openfiber
openfibertargets_nov2020_35b_1.0.7,285,1332,1,open_fiber,1.0.7,10.07,openfibertargets_nov2020_35b,open,open_fiber,mwm_halo_openfiber
openfibertargets_nov2020_35c_1.0.7,286,1333,1,open_fiber,1.0.7,10.07,openfibertargets_nov2020_35c,open,open_fiber,mwm_halo_openfiber
openfibertargets_nov2020_46_1.0.7,287,1334,1,open_fiber,1.0.7,10.07,openfibertargets_nov2020_46,open,open_fiber,mwm_bin_openfiber
openfibertargets_nov2020_5_1.0.7,288,1335,1,open_fiber,1.0.7,10.07,openfibertargets_nov2020_5,open,open_fiber,mwm_halo_openfiber
openfibertargets_nov2020_6a_1.0.7,289,1336,1,open_fiber,1.0.7,10.07,openfibertargets_nov2020_6a,open,open_fiber,mwm_halo_openfiber
openfibertargets_nov2020_6b_1.0.7,290,1337,1,open_fiber,1.0.7,10.07,openfibertargets_nov2020_6b,open,open_fiber,mwm_halo_openfiber
openfibertargets_nov2020_6c_1.0.7,291,1338,1,open_fiber,1.0.7,10.07,openfibertargets_nov2020_6c,open,open_fiber,mwm_halo_openfiber
openfibertargets_nov2020_8_1.0.7,292,1339,1,open_fiber,1.0.7,10.07,openfibertargets_nov2020_8,open,open_fiber,mwm_cluster_openfiber
openfibertargets_nov2020_9_1.0.7,293,1340,1,open_fiber,1.0.7,10.07,openfibertargets_nov2020_9,open,open_fiber,mwm_cluster_openfiber
openfibertargets_nov2020_28a_1.0.7,294,1344,1,open_fiber,1.0.7,10.07,openfibertargets_nov2020_28a,open,open_fiber,manual_mwm_halo_distant_kgiant
openfibertargets_nov2020_33_1.0.10,295,1358,1,open_fiber,1.0.10,10.1,openfibertargets_nov2020_33,open,open_fiber,bhm_openfiber
bhm_rm_core_1.0.12,296,1359,1,bhm_rm,1.0.12,10.12,bhm_rm_core,bhm,rm,bhm_rm
bhm_rm_known_spec_1.0.12,297,1360,1,bhm_rm,1.0.12,10.12,bhm_rm_known_spec,bhm,rm,bhm_rm
bhm_rm_var_1.0.12,298,1361,1,bhm_rm,1.0.12,10.12,bhm_rm_var,bhm,rm,bhm_rm
bhm_rm_ancillary_1.0.12,299,1362,1,bhm_rm,1.0.12,10.12,bhm_rm_ancillary,bhm,rm,bhm_rm
bhm_rm_xrayqso_1.0.12,300,1363,1,bhm_rm,1.0.12,10.12,bhm_rm_xrayqso,bhm,rm,bhm_rm
manual_mwm_magcloud_massive_apogee_1.0.10,301,1367,1,mwm_magcloud,1.0.10,10.1,manual_mwm_magcloud_massive_apogee,mwm,magcloud,mwm_magcloud_massive
manual_mwm_magcloud_massive_boss_1.0.10,302,1368,1,mwm_magcloud,1.0.10,10.1,manual_mwm_magcloud_massive_boss,mwm,magcloud,mwm_magcloud_massive
manual_mwm_magcloud_symbiotic_apogee_1.0.10,303,1369,1,mwm_magcloud,1.0.10,10.1,manual_mwm_magcloud_symbiotic_apogee,mwm,magcloud,mwm_magcloud_symbiotic
ops_std_boss_gdr2_1.0.13,304,1370,1,ops_std,1.0.13,10.13,ops_std_boss_gdr2,ops,std,ops_std
ops_std_apogee_1.0.14,305,1371,1,ops_std,1.0.14,10.14,ops_std_apogee,ops,std,ops_std
ops_std_eboss_1.0.15,306,1372,1,ops_std,1.0.15,10.15,ops_std_eboss,ops,std,ops_std
ops_std_boss_1.0.16,307,1374,1,ops_std,1.0.16,10.16,ops_std_boss,ops,std,ops_std
ops_std_boss_red_1.0.16,308,1375,1,ops_std,1.0.16,10.16,ops_std_boss_red,ops,std,ops_std
ops_std_boss_tic_1.0.16,309,1376,1,ops_std,1.0.16,10.16,ops_std_boss_tic,ops,std,ops_std
mwm_snc_100pc_apogee_1.0.17,310,1378,1,mwm_snc,1.0.17,10.17,mwm_snc_100pc_apogee,mwm,snc,mwm_snc
mwm_snc_100pc_boss_1.0.17,311,1379,1,mwm_snc,1.0.17,10.17,mwm_snc_100pc_boss,mwm,snc,mwm_snc
mwm_bin_gaia_astb_apogee_1.0.19,312,1400,1,mwm_bin,1.0.19,10.19,mwm_bin_gaia_astb_apogee,mwm,bin,mwm_bin_gaia_astb
mwm_bin_gaia_astb_boss_1.0.19,313,1401,1,mwm_bin,1.0.19,10.19,mwm_bin_gaia_astb_boss,mwm,bin,mwm_bin_gaia_astb
mwm_bin_gaia_sb_apogee_1.0.19,314,1402,1,mwm_bin,1.0.19,10.19,mwm_bin_gaia_sb_apogee,mwm,bin,mwm_bin_gaia_sb
mwm_bin_gaia_sb_boss_1.0.19,315,1403,1,mwm_bin,1.0.19,10.19,mwm_bin_gaia_sb_boss,mwm,bin,mwm_bin_gaia_sb
mwm_yso_pms_apogee_sagitta_edr3_1.0.20,316,1412,1,mwm_yso,1.0.20,10.2,mwm_yso_pms_apogee_sagitta_edr3,mwm,yso,mwm_yso_pms
mwm_snc_100pc_boss_1.0.24,317,1427,1,mwm_snc,1.0.24,10.24,mwm_snc_100pc_boss,mwm,snc,mwm_snc
mwm_snc_100pc_boss_1.0.28,318,1448,1,mwm_snc,1.0.28,10.28,mwm_snc_100pc_boss,mwm,snc,mwm_snc
mwm_yso_disk_apogee_single_1.0.33,319,1462,1,mwm_yso,1.0.33,10.33,mwm_yso_disk_apogee_single,mwm,yso,mwm_yso_disk
mwm_yso_disk_boss_single_1.0.33,320,1463,1,mwm_yso,1.0.33,10.33,mwm_yso_disk_boss_single,mwm,yso,mwm_yso_disk
mwm_yso_embedded_apogee_single_1.0.33,321,1464,1,mwm_yso,1.0.33,10.33,mwm_yso_embedded_apogee_single,mwm,yso,mwm_yso_embedded
mwm_yso_nebula_apogee_single_1.0.33,322,1465,1,mwm_yso,1.0.33,10.33,mwm_yso_nebula_apogee_single,mwm,yso,mwm_yso_nebula
mwm_yso_variable_apogee_single_1.0.33,323,1466,1,mwm_yso,1.0.33,10.33,mwm_yso_variable_apogee_single,mwm,yso,mwm_yso_variable
mwm_yso_variable_boss_single_1.0.33,324,1467,1,mwm_yso,1.0.33,10.33,mwm_yso_variable_boss_single,mwm,yso,mwm_yso_variable
mwm_yso_cmz_apogee_single_1.0.33,325,1468,1,mwm_yso,1.0.33,10.33,mwm_yso_cmz_apogee_single,mwm,yso,mwm_yso_cmz
mwm_yso_cluster_apogee_single_1.0.33,326,1469,1,mwm_yso,1.0.33,10.33,mwm_yso_cluster_apogee_single,mwm,yso,mwm_yso_cluster
mwm_yso_cluster_boss_single_1.0.33,327,1470,1,mwm_yso,1.0.33,10.33,mwm_yso_cluster_boss_single,mwm,yso,mwm_yso_cluster
mwm_yso_pms_apogee_sagitta_edr3_single_1.0.33,328,1471,1,mwm_yso,1.0.33,10.33,mwm_yso_pms_apogee_sagitta_edr3_single,mwm,yso,mwm_yso_pms
mwm_yso_pms_apogee_zari18pms_single_1.0.33,329,1472,1,mwm_yso,1.0.33,10.33,mwm_yso_pms_apogee_zari18pms_single,mwm,yso,mwm_yso_pms
mwm_yso_pms_boss_sagitta_edr3_single_1.0.33,330,1473,1,mwm_yso,1.0.33,10.33,mwm_yso_pms_boss_sagitta_edr3_single,mwm,yso,mwm_yso_pms
mwm_yso_pms_boss_zari18pms_single_1.0.33,331,1474,1,mwm_yso,1.0.33,10.33,mwm_yso_pms_boss_zari18pms_single,mwm,yso,mwm_yso_pms
ops_std_boss_ps1dr2_1.0.29,332,1475,1,ops_std,1.0.29,10.29,ops_std_boss_ps1dr2,ops,std,ops_std
bhm_csc_boss_1.0.37,333,1498,1,bhm_csc,1.0.37,10.37,bhm_csc_boss,bhm,csc,bhm_csc
bhm_csc_apogee_1.0.37,334,1499,1,bhm_csc,1.0.37,10.37,bhm_csc_apogee,bhm,csc,bhm_csc
bhm_gua_dark_1.0.37,335,1500,1,bhm_filler,1.0.37,10.37,bhm_gua_dark,bhm,filler,bhm_filler
bhm_gua_bright_1.0.37,336,1501,1,bhm_filler,1.0.37,10.37,bhm_gua_bright,bhm,filler,bhm_filler
bhm_spiders_clusters_lsdr10_1.0.37,337,1502,1,bhm_spiders,1.0.37,10.37,bhm_spiders_clusters_lsdr10,bhm,spiders,bhm_spiders
bhm_spiders_agn_lsdr10_1.0.37,338,1503,1,bhm_spiders,1.0.37,10.37,bhm_spiders_agn_lsdr10,bhm,spiders,bhm_spiders
bhm_spiders_agn_hard_1.0.37,339,1504,1,bhm_spiders,1.0.37,10.37,bhm_spiders_agn_hard,bhm,spiders,bhm_spiders
bhm_spiders_agn_gaiadr3_1.0.37,340,1505,1,bhm_spiders,1.0.37,10.37,bhm_spiders_agn_gaiadr3,bhm,spiders,bhm_spiders
bhm_spiders_agn_tda_1.0.37,341,1506,1,bhm_spiders,1.0.37,10.37,bhm_spiders_agn_tda,bhm,spiders,bhm_spiders
bhm_spiders_agn_sep_1.0.37,342,1507,1,bhm_spiders,1.0.37,10.37,bhm_spiders_agn_sep,bhm,spiders,bhm_spiders
bhm_aqmes_med_1.0.37,343,1508,1,bhm_aqmes,1.0.37,10.37,bhm_aqmes_med,bhm,aqmes,bhm_aqmes
bhm_aqmes_med_faint_1.0.37,344,1509,1,bhm_filler,1.0.37,10.37,bhm_aqmes_med_faint,bhm,filler,bhm_aqmes
bhm_aqmes_wide2_1.0.37,345,1510,1,bhm_aqmes,1.0.37,10.37,bhm_aqmes_wide2,bhm,aqmes,bhm_aqmes
bhm_aqmes_wide2_faint_1.0.37,346,1511,1,bhm_filler,1.0.37,10.37,bhm_aqmes_wide2_faint,bhm,filler,bhm_aqmes
bhm_aqmes_bonus_core_1.0.37,347,1515,1,bhm_filler,1.0.37,10.37,bhm_aqmes_bonus_core,bhm,filler,bhm_aqmes
bhm_aqmes_bonus_bright_1.0.37,348,1516,1,bhm_filler,1.0.37,10.37,bhm_aqmes_bonus_bright,bhm,filler,bhm_aqmes
bhm_aqmes_bonus_faint_1.0.37,349,1517,1,bhm_filler,1.0.37,10.37,bhm_aqmes_bonus_faint,bhm,filler,bhm_aqmes
manual_mwm_crosscalib_apogee_1.0.35,350,1525,1,mwm_validation,1.0.35,10.35,manual_mwm_crosscalib_apogee,mwm,validation,mwm_crosscalib
manual_mwm_crosscalib_yso_apogee_1.0.35,351,1526,1,mwm_validation,1.0.35,10.35,manual_mwm_crosscalib_yso_apogee,mwm,validation,mwm_crosscalib_yso
manual_mwm_crosscalib_yso_boss_1.0.35,352,1527,1,mwm_validation,1.0.35,10.35,manual_mwm_crosscalib_yso_boss,mwm,validation,mwm_crosscalib_yso
manual_mwm_halo_distant_bhb_boss_1.0.35,353,1528,1,mwm_halo,1.0.35,10.35,manual_mwm_halo_distant_bhb_boss,mwm,halo,manual_mwm_halo_distant_bhb
manual_mwm_halo_distant_bhb_boss_single_1.0.35,354,1529,1,mwm_halo,1.0.35,10.35,manual_mwm_halo_distant_bhb_boss_single,mwm,halo,manual_mwm_halo_distant_bhb
manual_mwm_halo_distant_kgiant_far_boss_1.0.35,355,1530,1,mwm_halo,1.0.35,10.35,manual_mwm_halo_distant_kgiant_far_boss,mwm,halo,manual_mwm_halo_distant_kgiant
manual_mwm_halo_distant_kgiant_far_boss_single_1.0.35,356,1531,1,mwm_halo,1.0.35,10.35,manual_mwm_halo_distant_kgiant_far_boss_single,mwm,halo,manual_mwm_halo_distant_kgiant
manual_mwm_halo_distant_kgiant_near_boss_1.0.35,357,1532,1,mwm_halo,1.0.35,10.35,manual_mwm_halo_distant_kgiant_near_boss,mwm,halo,manual_mwm_halo_distant_kgiant
manual_mwm_halo_distant_kgiant_near_boss_single_1.0.35,358,1533,1,mwm_halo,1.0.35,10.35,manual_mwm_halo_distant_kgiant_near_boss_single,mwm,halo,manual_mwm_halo_distant_kgiant
manual_mwm_halo_mp_wise_apogee_1.0.35,359,1534,1,mwm_halo,1.0.35,10.35,manual_mwm_halo_mp_wise_apogee,mwm,halo,manual_mwm_halo_mp_wise
manual_mwm_halo_mp_wise_apogee_single_1.0.35,360,1535,1,mwm_halo,1.0.35,10.35,manual_mwm_halo_mp_wise_apogee_single,mwm,halo,manual_mwm_halo_mp_wise
manual_mwm_halo_mp_wise_boss_1.0.35,361,1536,1,mwm_halo,1.0.35,10.35,manual_mwm_halo_mp_wise_boss,mwm,halo,manual_mwm_halo_mp_wise
manual_mwm_halo_mp_wise_boss_single_1.0.35,362,1537,1,mwm_halo,1.0.35,10.35,manual_mwm_halo_mp_wise_boss_single,mwm,halo,manual_mwm_halo_mp_wise
manual_mwm_halo_vmp_wise_apogee_1.0.35,363,1538,1,mwm_halo,1.0.35,10.35,manual_mwm_halo_vmp_wise_apogee,mwm,halo,manual_mwm_halo_mp_wise
manual_mwm_halo_vmp_wise_apogee_single_1.0.35,364,1539,1,mwm_halo,1.0.35,10.35,manual_mwm_halo_vmp_wise_apogee_single,mwm,halo,manual_mwm_halo_mp_wise
manual_mwm_halo_vmp_wise_boss_1.0.35,365,1540,1,mwm_halo,1.0.35,10.35,manual_mwm_halo_vmp_wise_boss,mwm,halo,manual_mwm_halo_mp_wise
manual_mwm_halo_vmp_wise_boss_single_1.0.35,366,1541,1,mwm_halo,1.0.35,10.35,manual_mwm_halo_vmp_wise_boss_single,mwm,halo,manual_mwm_halo_mp_wise
manual_mwm_tess_ob_apogee_1.0.35,367,1554,1,mwm_tessob,1.0.35,10.35,manual_mwm_tess_ob_apogee,mwm,tess,mwm_tess_ob
bhm_colr_galaxies_lsdr10_1.0.38,368,1555,1,bhm_filler,1.0.38,10.38,bhm_colr_galaxies_lsdr10,bhm,filler,bhm_filler
manual_mwm_validation_cool_apogee_1.0.35,369,1556,1,mwm_validation,1.0.35,10.35,manual_mwm_validation_cool_apogee,mwm,validation,mwm_validation_cool
manual_mwm_validation_cool_boss_1.0.35,370,1557,1,mwm_validation,1.0.35,10.35,manual_mwm_validation_cool_boss,mwm,validation,mwm_validation_cool
manual_mwm_validation_hot_apogee_1.0.35,371,1558,1,mwm_validation,1.0.35,10.35,manual_mwm_validation_hot_apogee,mwm,validation,mwm_validation_hot
manual_mwm_validation_hot_boss_1.0.35,372,1559,1,mwm_validation,1.0.35,10.35,manual_mwm_validation_hot_boss,mwm,validation,mwm_validation_hot
mwm_ob_core_boss_1.0.39,373,1561,1,mwm_ob,1.0.39,10.39,mwm_ob_core_boss,mwm,ob,mwm_ob_core
mwm_ob_core_boss_single_1.0.39,374,1562,1,mwm_ob,1.0.39,10.39,mwm_ob_core_boss_single,mwm,ob,mwm_ob_core
mwm_ob_cepheids_boss_1.0.39,375,1565,1,mwm_ob,1.0.39,10.39,mwm_ob_cepheids_boss,mwm,ob,mwm_ob_cepheids
mwm_bin_rv_long_apogee_1.0.39,376,1566,1,mwm_bin,1.0.39,10.39,mwm_bin_rv_long_apogee,mwm,bin,mwm_bin_rv_long
mwm_bin_rv_short_mdwarf_apogee_18epoch_1.0.39,377,1567,1,mwm_bin,1.0.39,10.39,mwm_bin_rv_short_mdwarf_apogee_18epoch,mwm,bin,mwm_bin_rv_short_mdwarf
mwm_bin_rv_short_mdwarf_apogee_12epoch_1.0.39,378,1568,1,mwm_bin,1.0.39,10.39,mwm_bin_rv_short_mdwarf_apogee_12epoch,mwm,bin,mwm_bin_rv_short_mdwarf
mwm_bin_rv_short_mdwarf_apogee_08epoch_1.0.39,379,1569,1,mwm_bin,1.0.39,10.39,mwm_bin_rv_short_mdwarf_apogee_08epoch,mwm,bin,mwm_bin_rv_short_mdwarf
mwm_bin_rv_short_subgiant_apogee_1.0.39,380,1570,1,mwm_bin,1.0.39,10.39,mwm_bin_rv_short_subgiant_apogee,mwm,bin,mwm_bin_rv_short_subgiant
mwm_bin_rv_short_rgb_apogee_1.0.39,381,1571,1,mwm_bin,1.0.39,10.39,mwm_bin_rv_short_rgb_apogee,mwm,bin,mwm_bin_rv_short_rgb
mwm_halo_distant_rrl_boss_single_1.0.39,382,1572,1,mwm_halo,1.0.39,10.39,mwm_halo_distant_rrl_boss_single,mwm,halo,mwm_halo_distant_rrl
mwm_halo_distant_rrl_boss_1.0.39,383,1573,1,mwm_halo,1.0.39,10.39,mwm_halo_distant_rrl_boss,mwm,halo,mwm_halo_distant_rrl
mwm_halo_vmp_xp_boss_single_1.0.39,384,1574,1,mwm_halo,1.0.39,10.39,mwm_halo_vmp_xp_boss_single,mwm,halo,mwm_halo_mp_xp
mwm_halo_nmp_xp_boss_single_1.0.39,385,1576,1,mwm_halo,1.0.39,10.39,mwm_halo_nmp_xp_boss_single,mwm,halo,mwm_halo_mp_xp
mwm_halo_vmp_xp_apogee_single_1.0.39,386,1577,1,mwm_halo,1.0.39,10.39,mwm_halo_vmp_xp_apogee_single,mwm,halo,mwm_halo_mp_xp
mwm_halo_mp_xp_apogee_single_1.0.39,387,1578,1,mwm_halo,1.0.39,10.39,mwm_halo_mp_xp_apogee_single,mwm,halo,mwm_halo_mp_xp
mwm_halo_nmp_xp_apogee_single_1.0.39,388,1579,1,mwm_halo,1.0.39,10.39,mwm_halo_nmp_xp_apogee_single,mwm,halo,mwm_halo_mp_xp
mwm_halo_vmp_xp_boss_1.0.39,389,1580,1,mwm_halo,1.0.39,10.39,mwm_halo_vmp_xp_boss,mwm,halo,mwm_halo_mp_xp
mwm_halo_mp_xp_boss_1.0.39,390,1581,1,mwm_halo,1.0.39,10.39,mwm_halo_mp_xp_boss,mwm,halo,mwm_halo_mp_xp
mwm_halo_nmp_xp_boss_1.0.39,391,1582,1,mwm_halo,1.0.39,10.39,mwm_halo_nmp_xp_boss,mwm,halo,mwm_halo_mp_xp
mwm_halo_vmp_xp_apogee_1.0.39,392,1583,1,mwm_halo,1.0.39,10.39,mwm_halo_vmp_xp_apogee,mwm,halo,mwm_halo_mp_xp
mwm_halo_mp_xp_apogee_1.0.39,393,1584,1,mwm_halo,1.0.39,10.39,mwm_halo_mp_xp_apogee,mwm,halo,mwm_halo_mp_xp
mwm_halo_nmp_xp_apogee_1.0.39,394,1585,1,mwm_halo,1.0.39,10.39,mwm_halo_nmp_xp_apogee,mwm,halo,mwm_halo_mp_xp
mwm_halo_local_high_apogee_single_1.0.39,395,1586,1,mwm_halo,1.0.39,10.39,mwm_halo_local_high_apogee_single,mwm,halo,mwm_halo_local
mwm_halo_local_high_boss_single_1.0.39,396,1587,1,mwm_halo,1.0.39,10.39,mwm_halo_local_high_boss_single,mwm,halo,mwm_halo_local
mwm_halo_local_low_apogee_single_1.0.39,397,1588,1,mwm_halo,1.0.39,10.39,mwm_halo_local_low_apogee_single,mwm,halo,mwm_halo_local
mwm_halo_local_low_boss_single_1.0.39,398,1589,1,mwm_halo,1.0.39,10.39,mwm_halo_local_low_boss_single,mwm,halo,mwm_halo_local
mwm_halo_local_high_apogee_1.0.39,399,1590,1,mwm_halo,1.0.39,10.39,mwm_halo_local_high_apogee,mwm,halo,mwm_halo_local
mwm_halo_local_high_boss_1.0.39,400,1591,1,mwm_halo,1.0.39,10.39,mwm_halo_local_high_boss,mwm,halo,mwm_halo_local
mwm_halo_local_low_apogee_1.0.39,401,1592,1,mwm_halo,1.0.39,10.39,mwm_halo_local_low_apogee,mwm,halo,mwm_halo_local
mwm_halo_local_low_boss_1.0.39,402,1593,1,mwm_halo,1.0.39,10.39,mwm_halo_local_low_boss,mwm,halo,mwm_halo_local
mwm_erosita_stars_boss_1.0.40,403,1594,1,mwm_erosita,1.0.40,10.4,mwm_erosita_stars_boss,mwm,erosita,mwm_erosita_stars
mwm_erosita_compact_boss_1.0.40,404,1595,1,mwm_erosita,1.0.40,10.4,mwm_erosita_compact_boss,mwm,erosita,mwm_erosita_compact
mwm_erosita_compact_boss_shallow_1.0.40,405,1596,1,mwm_erosita,1.0.40,10.4,mwm_erosita_compact_boss_shallow,mwm,erosita,mwm_erosita_compact
mwm_halo_mp_xp_boss_single_1.0.41,406,1597,1,mwm_halo,1.0.41,10.41,mwm_halo_mp_xp_boss_single,mwm,halo,mwm_halo_mp_xp
mwm_snc_ext_main_apogee_1.0.41,407,1598,1,mwm_snc,1.0.41,10.41,mwm_snc_ext_main_apogee,mwm,snc,mwm_snc
mwm_snc_ext_filler_apogee_1.0.41,408,1599,1,mwm_snc,1.0.41,10.41,mwm_snc_ext_filler_apogee,mwm,snc,mwm_snc
mwm_snc_ext_main_boss_1.0.41,409,1600,1,mwm_snc,1.0.41,10.41,mwm_snc_ext_main_boss,mwm,snc,mwm_snc
mwm_snc_ext_filler_boss_1.0.41,410,1601,1,mwm_snc,1.0.41,10.41,mwm_snc_ext_filler_boss,mwm,snc,mwm_snc
mwm_monitor_n188_apogee_long_1.0.42,411,1611,1,mwm_monitor,1.0.42,10.42,mwm_monitor_n188_apogee_long,mwm,monitor,mwm_monitor_apogee_n188
mwm_monitor_n188_apogee_short_1.0.42,412,1612,1,mwm_monitor,1.0.42,10.42,mwm_monitor_n188_apogee_short,mwm,monitor,mwm_monitor_apogee_n188
mwm_monitor_m67_apogee_long_1.0.42,413,1613,1,mwm_monitor,1.0.42,10.42,mwm_monitor_m67_apogee_long,mwm,monitor,mwm_monitor_apogee_m67
mwm_monitor_m67_apogee_short_1.0.42,414,1614,1,mwm_monitor,1.0.42,10.42,mwm_monitor_m67_apogee_short,mwm,monitor,mwm_monitor_apogee_m67
mwm_monitor_m15_apogee_long_1.0.42,415,1615,1,mwm_monitor,1.0.42,10.42,mwm_monitor_m15_apogee_long,mwm,monitor,mwm_monitor_apogee_m15
mwm_monitor_m15_apogee_short_1.0.42,416,1616,1,mwm_monitor,1.0.42,10.42,mwm_monitor_m15_apogee_short,mwm,monitor,mwm_monitor_apogee_m15
mwm_wd_pwd_boss_1.0.42,417,1617,1,mwm_wd,1.0.42,10.42,mwm_wd_pwd_boss,mwm,wd,mwm_wd
mwm_wd_gaia_boss_1.0.42,418,1618,1,mwm_wd,1.0.42,10.42,mwm_wd_gaia_boss,mwm,wd,mwm_wd
mwm_cb_galex_mag_boss_1.0.42,419,1619,1,mwm_cb,1.0.42,10.42,mwm_cb_galex_mag_boss,mwm,cb,mwm_cb_galex
mwm_cb_galex_vol_boss_1.0.42,420,1620,1,mwm_cb,1.0.42,10.42,mwm_cb_galex_vol_boss,mwm,cb,mwm_cb_galex
mwm_cb_xmmom_boss_1.0.42,421,1621,1,mwm_cb,1.0.42,10.42,mwm_cb_xmmom_boss,mwm,cb,mwm_cb_xmmom
mwm_cb_swiftuvot_boss_1.0.42,422,1622,1,mwm_cb,1.0.42,10.42,mwm_cb_swiftuvot_boss,mwm,cb,mwm_cb_swiftuvot
mwm_astar_core_boss_1.0.43,423,1624,1,mwm_ob,1.0.43,10.43,mwm_astar_core_boss,mwm,ob,mwm_ob_core
mwm_astar_core_boss_single_1.0.43,424,1625,1,mwm_ob,1.0.43,10.43,mwm_astar_core_boss_single,mwm,ob,mwm_ob_core
mwm_bin_vis_apogee_1.0.44,425,1626,1,mwm_filler,1.0.44,10.44,mwm_bin_vis_apogee,mwm,bin,mwm_bin_vis
mwm_bin_vis_boss_1.0.44,426,1627,1,mwm_filler,1.0.44,10.44,mwm_bin_vis_boss,mwm,bin,mwm_bin_vis
mwm_galactic_core_dist_apogee_1.0.44,427,1628,1,mwm_galactic,1.0.44,10.44,mwm_galactic_core_dist_apogee,mwm,galactic,mwm_galactic_core
mwm_dust_core_dist_apogee_1.0.45,428,1631,1,mwm_dust,1.0.45,10.45,mwm_dust_core_dist_apogee,mwm,dust,mwm_dust_core
manual_mwm_nsbh_apogee_1.0.46,429,1632,1,mwm_cb,1.0.46,10.46,manual_mwm_nsbh_apogee,mwm,nsbh,manual_mwm_nsbh
manual_mwm_nsbh_boss_1.0.46,430,1633,1,mwm_cb,1.0.46,10.46,manual_mwm_nsbh_boss,mwm,nsbh,manual_mwm_nsbh
manual_mwm_validation_rv_apogee_1.0.46,431,1634,1,mwm_validation,1.0.46,10.46,manual_mwm_validation_rv_apogee,mwm,validation,mwm_validation_rv
mwm_cb_cvcandidates_apogee_1.0.47,432,1636,1,mwm_cb,1.0.47,10.47,mwm_cb_cvcandidates_apogee,mwm,cb,mwm_cb_cvcandidates
mwm_cb_cvcandidates_boss_1.0.47,433,1637,1,mwm_cb,1.0.47,10.47,mwm_cb_cvcandidates_boss,mwm,cb,mwm_cb_cvcandidates
mwm_legacy_ir2opt_boss_1.0.47,434,1638,1,mwm_legacy,1.0.47,10.47,mwm_legacy_ir2opt_boss,mwm,legacy,mwm_legacy_ir2opt
bhm_rm_core_1.0.48,435,1639,1,bhm_rm,1.0.48,10.48,bhm_rm_core,bhm,rm,bhm_rm
bhm_rm_known_spec_1.0.48,436,1640,1,bhm_rm,1.0.48,10.48,bhm_rm_known_spec,bhm,rm,bhm_rm
bhm_rm_var_1.0.48,437,1641,1,bhm_rm,1.0.48,10.48,bhm_rm_var,bhm,rm,bhm_rm
bhm_rm_ancillary_1.0.48,438,1642,1,bhm_rm,1.0.48,10.48,bhm_rm_ancillary,bhm,rm,bhm_rm
mwm_tess_2min_apogee_1.0.49,439,1644,1,mwm_planet,1.0.49,10.49,mwm_tess_2min_apogee,mwm,planet,mwm_tess_2min
mwm_tess_rgb_apogee_1.0.49,440,1645,1,mwm_tessrgb,1.0.49,10.49,mwm_tess_rgb_apogee,mwm,tessrgb,mwm_tess_rgb
manual_mwm_planet_gaia_astrometry_apogee_1.0.46,441,1647,1,mwm_planet,1.0.46,10.46,manual_mwm_planet_gaia_astrometry_apogee,mwm,planet,manual_mwm_planet_gaia_astrometry
manual_mwm_planet_gpi_apogee_1.0.46,442,1648,1,mwm_planet,1.0.46,10.46,manual_mwm_planet_gpi_apogee,mwm,planet,manual_mwm_planet_gpi
manual_mwm_planet_harps_apogee_1.0.46,443,1649,1,mwm_planet,1.0.46,10.46,manual_mwm_planet_harps_apogee,mwm,planet,manual_mwm_planet_harps
manual_mwm_planet_known_apogee_1.0.46,444,1650,1,mwm_planet,1.0.46,10.46,manual_mwm_planet_known_apogee,mwm,planet,manual_mwm_planet_known
manual_mwm_planet_sophie_apogee_1.0.46,445,1651,1,mwm_planet,1.0.46,10.46,manual_mwm_planet_sophie_apogee,mwm,planet,manual_mwm_planet_sophie
manual_mwm_planet_sphere_apogee_1.0.46,446,1652,1,mwm_planet,1.0.46,10.46,manual_mwm_planet_sphere_apogee,mwm,planet,manual_mwm_planet_sphere
manual_mwm_planet_tess_eb_apogee_1.0.46,447,1653,1,mwm_planet,1.0.46,10.46,manual_mwm_planet_tess_eb_apogee,mwm,planet,manual_mwm_planet_tess_eb
manual_mwm_planet_tess_pc_apogee_1.0.46,448,1654,1,mwm_planet,1.0.46,10.46,manual_mwm_planet_tess_pc_apogee,mwm,planet,manual_mwm_planet_tess_pc
mwm_magcloud_agb_apogee_1.0.50,449,1657,1,mwm_magcloud,1.0.50,10.5,mwm_magcloud_agb_apogee,mwm,magcloud,mwm_magcloud_agb
mwm_magcloud_rgb_boss_1.0.50,450,1658,1,mwm_magcloud,1.0.50,10.5,mwm_magcloud_rgb_boss,mwm,magcloud,mwm_magcloud_rgb
manual_mwm_planet_ca_legacy_apogee_1.0.46,451,1659,1,mwm_planet,1.0.46,10.46,manual_mwm_planet_ca_legacy_apogee,mwm,planet,manual_mwm_planet_ca_legacy
manual_mwm_planet_transiting_bd_apogee_1.0.46,452,1660,1,mwm_planet,1.0.46,10.46,manual_mwm_planet_transiting_bd_apogee,mwm,planet,manual_mwm_planet_transiting_bd
